"BehaviorSpace results (NetLogo 6.4.0)","Table version 2.0"
"FoPra_Sim.nlogo"
"experimentALL"
"08/31/2024 16:42:01:408 +0200"
"min-pxcor","max-pxcor","min-pycor","max-pycor"
"-20","20","-20","20"
"[run number]","sharing-prob","commenting-prob","unfollow-prob","posts-frequency","seeing_Prob","rewiring-probability","follow-prob","seed","liking-prob","num-nodes","use-random-seed?","[step]","count turtles with [intent > 0.6] / count turtles","count turtles with [intent <= 0.4] / count turtles","count turtles with [intent > 0.4 and intent <= 0.6] / count turtles"
"1","0.002","0.024","0.05","1","0.5","0.9","0.1","2801","0.048","1000","false","0","0.241","0.24","0.519"
"1","0.002","0.024","0.05","1","0.5","0.9","0.1","2801","0.048","1000","false","1","0.3535749265426053","0.1616062683643487","0.48481880509304603"
"1","0.002","0.024","0.05","1","0.5","0.9","0.1","2801","0.048","1000","false","2","0.40117416829745595","0.1232876712328767","0.4755381604696673"
"1","0.002","0.024","0.05","1","0.5","0.9","0.1","2801","0.048","1000","false","3","0.44160942100098133","0.10794896957801767","0.450441609421001"
"1","0.002","0.024","0.05","1","0.5","0.9","0.1","2801","0.048","1000","false","4","0.47265625","0.087890625","0.439453125"
"1","0.002","0.024","0.05","1","0.5","0.9","0.1","2801","0.048","1000","false","5","0.5068359375","0.0732421875","0.419921875"
"1","0.002","0.024","0.05","1","0.5","0.9","0.1","2801","0.048","1000","false","6","0.5424390243902439","0.06439024390243903","0.3931707317073171"
"1","0.002","0.024","0.05","1","0.5","0.9","0.1","2801","0.048","1000","false","7","0.5491159135559921","0.060903732809430254","0.3899803536345776"
"1","0.002","0.024","0.05","1","0.5","0.9","0.1","2801","0.048","1000","false","8","0.5724137931034483","0.059113300492610835","0.36847290640394087"
"1","0.002","0.024","0.05","1","0.5","0.9","0.1","2801","0.048","1000","false","9","0.5866141732283464","0.05708661417322835","0.3562992125984252"
"1","0.002","0.024","0.05","1","0.5","0.9","0.1","2801","0.048","1000","false","10","0.6027531956735497","0.05801376597836775","0.3392330383480826"
"1","0.002","0.024","0.05","1","0.5","0.9","0.1","2801","0.048","1000","false","11","0.6088669950738916","0.05517241379310345","0.3359605911330049"
"1","0.002","0.024","0.05","1","0.5","0.9","0.1","2801","0.048","1000","false","12","0.6247544204322201","0.05206286836935167","0.3231827111984283"
"1","0.002","0.024","0.05","1","0.5","0.9","0.1","2801","0.048","1000","false","13","0.6341222879684418","0.04930966469428008","0.3165680473372781"
"1","0.002","0.024","0.05","1","0.5","0.9","0.1","2801","0.048","1000","false","14","0.6352015732546706","0.048180924287118974","0.3166175024582104"
"1","0.002","0.024","0.05","1","0.5","0.9","0.1","2801","0.048","1000","false","15","0.640117994100295","0.0471976401179941","0.31268436578171094"
"1","0.002","0.024","0.05","1","0.5","0.9","0.1","2801","0.048","1000","false","16","0.6446850393700787","0.04232283464566929","0.31299212598425197"
"1","0.002","0.024","0.05","1","0.5","0.9","0.1","2801","0.048","1000","false","17","0.6509803921568628","0.04215686274509804","0.30686274509803924"
"1","0.002","0.024","0.05","1","0.5","0.9","0.1","2801","0.048","1000","false","18","0.656188605108055","0.04027504911591356","0.30353634577603145"
"1","0.002","0.024","0.05","1","0.5","0.9","0.1","2801","0.048","1000","false","19","0.6679725759059746","0.039177277179236046","0.29285014691478944"
"1","0.002","0.024","0.05","1","0.5","0.9","0.1","2801","0.048","1000","false","20","0.6633954857703631","0.038272816486751716","0.2983316977428852"
"1","0.002","0.024","0.05","1","0.5","0.9","0.1","2801","0.048","1000","false","21","0.6751717369970559","0.03729146221786065","0.2875368007850834"
"1","0.002","0.024","0.05","1","0.5","0.9","0.1","2801","0.048","1000","false","22","0.6689453125","0.0341796875","0.296875"
"1","0.002","0.024","0.05","1","0.5","0.9","0.1","2801","0.048","1000","false","23","0.6752221125370188","0.034550839091806514","0.29022704837117475"
"1","0.002","0.024","0.05","1","0.5","0.9","0.1","2801","0.048","1000","false","24","0.6784313725490196","0.03235294117647059","0.28921568627450983"
"1","0.002","0.024","0.05","1","0.5","0.9","0.1","2801","0.048","1000","false","25","0.6882352941176471","0.03235294117647059","0.27941176470588236"
"1","0.002","0.024","0.05","1","0.5","0.9","0.1","2801","0.048","1000","false","26","0.6902654867256637","0.032448377581120944","0.27728613569321536"
"1","0.002","0.024","0.05","1","0.5","0.9","0.1","2801","0.048","1000","false","27","0.688298918387414","0.032448377581120944","0.27925270403146507"
"1","0.002","0.024","0.05","1","0.5","0.9","0.1","2801","0.048","1000","false","28","0.6986301369863014","0.03228962818003914","0.2690802348336595"
"1","0.002","0.024","0.05","1","0.5","0.9","0.1","2801","0.048","1000","false","29","0.6938174681059862","0.0323846908734053","0.27379784102060845"
"1","0.002","0.024","0.05","1","0.5","0.9","0.1","2801","0.048","1000","false","30","0.6981317600786627","0.03048180924287119","0.2713864306784661"
"1","0.002","0.024","0.05","1","0.5","0.9","0.1","2801","0.048","1000","false","31","0.6999012833168805","0.03060217176702863","0.2694965449160908"
"1","0.002","0.024","0.05","1","0.5","0.9","0.1","2801","0.048","1000","false","32","0.6986166007905138","0.030632411067193676","0.2707509881422925"
"1","0.002","0.024","0.05","1","0.5","0.9","0.1","2801","0.048","1000","false","33","0.702252693437806","0.02840352595494613","0.2693437806072478"
"1","0.002","0.024","0.05","1","0.5","0.9","0.1","2801","0.048","1000","false","34","0.704031465093412","0.02753195673549656","0.26843657817109146"
"1","0.002","0.024","0.05","1","0.5","0.9","0.1","2801","0.048","1000","false","35","0.703631010794897","0.02747791952894995","0.2688910696761531"
"1","0.002","0.024","0.05","1","0.5","0.9","0.1","2801","0.048","1000","false","36","0.7089478859390363","0.02753195673549656","0.2635201573254671"
"1","0.002","0.024","0.05","1","0.5","0.9","0.1","2801","0.048","1000","false","37","0.7155511811023622","0.0265748031496063","0.2578740157480315"
"1","0.002","0.024","0.05","1","0.5","0.9","0.1","2801","0.048","1000","false","38","0.7161100196463654","0.026522593320235755","0.25736738703339884"
"1","0.002","0.024","0.05","1","0.5","0.9","0.1","2801","0.048","1000","false","39","0.7172413793103448","0.02561576354679803","0.2571428571428571"
"1","0.002","0.024","0.05","1","0.5","0.9","0.1","2801","0.048","1000","false","40","0.7214076246334311","0.02346041055718475","0.25513196480938416"
"1","0.002","0.024","0.05","1","0.5","0.9","0.1","2801","0.048","1000","false","41","0.7251461988304093","0.023391812865497075","0.25146198830409355"
"1","0.002","0.024","0.05","1","0.5","0.9","0.1","2801","0.048","1000","false","42","0.7278978388998035","0.023575638506876228","0.24852652259332023"
"1","0.002","0.024","0.05","1","0.5","0.9","0.1","2801","0.048","1000","false","43","0.7271835132482827","0.023552502453385672","0.2492639842983317"
"1","0.002","0.024","0.05","1","0.5","0.9","0.1","2801","0.048","1000","false","44","0.7291462217860648","0.023552502453385672","0.24730127576054955"
"1","0.002","0.024","0.05","1","0.5","0.9","0.1","2801","0.048","1000","false","45","0.7345739471106758","0.023506366307541625","0.24191968658178256"
"1","0.002","0.024","0.05","1","0.5","0.9","0.1","2801","0.048","1000","false","46","0.7333333333333333","0.021568627450980392","0.24509803921568626"
"1","0.002","0.024","0.05","1","0.5","0.9","0.1","2801","0.048","1000","false","47","0.735812133072407","0.02054794520547945","0.2436399217221135"
"1","0.002","0.024","0.05","1","0.5","0.9","0.1","2801","0.048","1000","false","48","0.736328125","0.0205078125","0.2431640625"
"1","0.002","0.024","0.05","1","0.5","0.9","0.1","2801","0.048","1000","false","49","0.7384464110127827","0.01966568338249754","0.24188790560471976"
"1","0.002","0.024","0.05","1","0.5","0.9","0.1","2801","0.048","1000","false","50","0.7421259842519685","0.01968503937007874","0.23818897637795275"
"1","0.002","0.024","0.05","1","0.5","0.9","0.1","2801","0.048","1000","false","51","0.7423795476892822","0.01966568338249754","0.23795476892822026"
"1","0.002","0.024","0.05","1","0.5","0.9","0.1","2801","0.048","1000","false","52","0.7384007897334649","0.019743336623889437","0.2418558736426456"
"1","0.002","0.024","0.05","1","0.5","0.9","0.1","2801","0.048","1000","false","53","0.7381889763779528","0.018700787401574805","0.24311023622047245"
"1","0.002","0.024","0.05","1","0.5","0.9","0.1","2801","0.048","1000","false","54","0.7411764705882353","0.018627450980392157","0.24019607843137256"
"1","0.002","0.024","0.05","1","0.5","0.9","0.1","2801","0.048","1000","false","55","0.7374631268436578","0.018682399213372666","0.24385447394296952"
"1","0.002","0.024","0.05","1","0.5","0.9","0.1","2801","0.048","1000","false","56","0.7396856581532416","0.019646365422396856","0.2406679764243615"
"1","0.002","0.024","0.05","1","0.5","0.9","0.1","2801","0.048","1000","false","57","0.7455795677799607","0.019646365422396856","0.23477406679764243"
"1","0.002","0.024","0.05","1","0.5","0.9","0.1","2801","0.048","1000","false","58","0.7485265225933202","0.019646365422396856","0.2318271119842829"
"1","0.002","0.024","0.05","1","0.5","0.9","0.1","2801","0.048","1000","false","59","0.742409402546523","0.019588638589618023","0.23800195886385897"
"1","0.002","0.024","0.05","1","0.5","0.9","0.1","2801","0.048","1000","false","60","0.7490196078431373","0.0196078431372549","0.23137254901960785"
"1","0.002","0.024","0.05","1","0.5","0.9","0.1","2801","0.048","1000","false","61","0.7514734774066798","0.018664047151277015","0.22986247544204322"
"1","0.002","0.024","0.05","1","0.5","0.9","0.1","2801","0.048","1000","false","62","0.753921568627451","0.018627450980392157","0.22745098039215686"
"1","0.002","0.024","0.05","1","0.5","0.9","0.1","2801","0.048","1000","false","63","0.7492654260528894","0.01860920666013712","0.23212536728697356"
"1","0.002","0.024","0.05","1","0.5","0.9","0.1","2801","0.048","1000","false","64","0.7519607843137255","0.01764705882352941","0.23039215686274508"
"1","0.002","0.024","0.05","1","0.5","0.9","0.1","2801","0.048","1000","false","65","0.7485265225933202","0.018664047151277015","0.23280943025540274"
"1","0.002","0.024","0.05","1","0.5","0.9","0.1","2801","0.048","1000","false","66","0.75049115913556","0.01768172888015717","0.2318271119842829"
"1","0.002","0.024","0.05","1","0.5","0.9","0.1","2801","0.048","1000","false","67","0.7480237154150198","0.017786561264822136","0.2341897233201581"
"1","0.002","0.024","0.05","1","0.5","0.9","0.1","2801","0.048","1000","false","68","0.7541625857002938","0.01665034280117532","0.22918707149853085"
"1","0.002","0.024","0.05","1","0.5","0.9","0.1","2801","0.048","1000","false","69","0.7507360157016683","0.016683022571148183","0.2325809617271835"
"1","0.002","0.024","0.05","1","0.5","0.9","0.1","2801","0.048","1000","false","70","0.753921568627451","0.016666666666666666","0.22941176470588234"
"1","0.002","0.024","0.05","1","0.5","0.9","0.1","2801","0.048","1000","false","71","0.7549019607843137","0.016666666666666666","0.2284313725490196"
"1","0.002","0.024","0.05","1","0.5","0.9","0.1","2801","0.048","1000","false","72","0.7575757575757576","0.016617790811339198","0.22580645161290322"
"1","0.002","0.024","0.05","1","0.5","0.9","0.1","2801","0.048","1000","false","73","0.7531831537708129","0.01665034280117532","0.23016650342801176"
"1","0.002","0.024","0.05","1","0.5","0.9","0.1","2801","0.048","1000","false","74","0.7549019607843137","0.016666666666666666","0.2284313725490196"
"1","0.002","0.024","0.05","1","0.5","0.9","0.1","2801","0.048","1000","false","75","0.7593320235756386","0.01669941060903733","0.22396856581532418"
"1","0.002","0.024","0.05","1","0.5","0.9","0.1","2801","0.048","1000","false","76","0.7640117994100295","0.01671583087512291","0.2192723697148476"
"1","0.002","0.024","0.05","1","0.5","0.9","0.1","2801","0.048","1000","false","77","0.764763779527559","0.01673228346456693","0.21850393700787402"
"1","0.002","0.024","0.05","1","0.5","0.9","0.1","2801","0.048","1000","false","78","0.764763779527559","0.01673228346456693","0.21850393700787402"
"1","0.002","0.024","0.05","1","0.5","0.9","0.1","2801","0.048","1000","false","79","0.7655172413793103","0.016748768472906402","0.21773399014778325"
"1","0.002","0.024","0.05","1","0.5","0.9","0.1","2801","0.048","1000","false","80","0.7687007874015748","0.015748031496062992","0.2155511811023622"
"1","0.002","0.024","0.05","1","0.5","0.9","0.1","2801","0.048","1000","false","81","0.772238514173998","0.015640273704789834","0.21212121212121213"
"1","0.002","0.024","0.05","1","0.5","0.9","0.1","2801","0.048","1000","false","82","0.7694581280788177","0.015763546798029555","0.2147783251231527"
"1","0.002","0.024","0.05","1","0.5","0.9","0.1","2801","0.048","1000","false","83","0.7715686274509804","0.01568627450980392","0.21274509803921568"
"1","0.002","0.024","0.05","1","0.5","0.9","0.1","2801","0.048","1000","false","84","0.7723258096172718","0.015701668302257114","0.21197252208047104"
"1","0.002","0.024","0.05","1","0.5","0.9","0.1","2801","0.048","1000","false","85","0.773972602739726","0.015655577299412915","0.21037181996086105"
"1","0.002","0.024","0.05","1","0.5","0.9","0.1","2801","0.048","1000","false","86","0.7799607072691552","0.015717092337917484","0.2043222003929273"
"1","0.002","0.024","0.05","1","0.5","0.9","0.1","2801","0.048","1000","false","87","0.7759131293188549","0.01579466929911155","0.20829220138203355"
"1","0.002","0.024","0.05","1","0.5","0.9","0.1","2801","0.048","1000","false","88","0.7754901960784314","0.01568627450980392","0.2088235294117647"
"1","0.002","0.024","0.05","1","0.5","0.9","0.1","2801","0.048","1000","false","89","0.7775590551181102","0.01673228346456693","0.20570866141732283"
"1","0.002","0.024","0.05","1","0.5","0.9","0.1","2801","0.048","1000","false","90","0.7825661116552399","0.01665034280117532","0.2007835455435847"
"1","0.002","0.024","0.05","1","0.5","0.9","0.1","2801","0.048","1000","false","91","0.7817109144542773","0.01671583087512291","0.2015732546705998"
"1","0.002","0.024","0.05","1","0.5","0.9","0.1","2801","0.048","1000","false","92","0.7781065088757396","0.016765285996055226","0.20512820512820512"
"1","0.002","0.024","0.05","1","0.5","0.9","0.1","2801","0.048","1000","false","93","0.7789783889980354","0.01669941060903733","0.2043222003929273"
"1","0.002","0.024","0.05","1","0.5","0.9","0.1","2801","0.048","1000","false","94","0.7811579980372915","0.016683022571148183","0.20215897939156036"
"1","0.002","0.024","0.05","1","0.5","0.9","0.1","2801","0.048","1000","false","95","0.7779960707269156","0.015717092337917484","0.206286836935167"
"1","0.002","0.024","0.05","1","0.5","0.9","0.1","2801","0.048","1000","false","96","0.7796278158667973","0.015670910871694418","0.20470127326150833"
"1","0.002","0.024","0.05","1","0.5","0.9","0.1","2801","0.048","1000","false","97","0.7806072477962782","0.015670910871694418","0.20372184133202742"
"1","0.002","0.024","0.05","1","0.5","0.9","0.1","2801","0.048","1000","false","98","0.7841020608439647","0.015701668302257114","0.20019627085377822"
"1","0.002","0.024","0.05","1","0.5","0.9","0.1","2801","0.048","1000","false","99","0.7833333333333333","0.014705882352941176","0.2019607843137255"
"1","0.002","0.024","0.05","1","0.5","0.9","0.1","2801","0.048","1000","false","100","0.7860647693817469","0.014720314033366046","0.19921491658488713"
"1","0.002","0.024","0.05","1","0.5","0.9","0.1","2801","0.048","1000","false","101","0.7857847976307996","0.014807502467917079","0.19940769990128332"
"1","0.002","0.024","0.05","1","0.5","0.9","0.1","2801","0.048","1000","false","102","0.7848722986247544","0.0137524557956778","0.2013752455795678"
"1","0.002","0.024","0.05","1","0.5","0.9","0.1","2801","0.048","1000","false","103","0.7854330708661418","0.013779527559055118","0.20078740157480315"
"1","0.002","0.024","0.05","1","0.5","0.9","0.1","2801","0.048","1000","false","104","0.7881773399014779","0.013793103448275862","0.1980295566502463"
"1","0.002","0.024","0.05","1","0.5","0.9","0.1","2801","0.048","1000","false","105","0.7908113391984359","0.011730205278592375","0.19745845552297164"
"1","0.002","0.024","0.05","1","0.5","0.9","0.1","2801","0.048","1000","false","106","0.7925636007827789","0.012720156555772993","0.19471624266144813"
"1","0.002","0.024","0.05","1","0.5","0.9","0.1","2801","0.048","1000","false","107","0.7915851272015656","0.012720156555772993","0.19569471624266144"
"1","0.002","0.024","0.05","1","0.5","0.9","0.1","2801","0.048","1000","false","108","0.7931372549019607","0.012745098039215686","0.19411764705882353"
"1","0.002","0.024","0.05","1","0.5","0.9","0.1","2801","0.048","1000","false","109","0.7954768928220256","0.012782694198623401","0.19174041297935104"
"1","0.002","0.024","0.05","1","0.5","0.9","0.1","2801","0.048","1000","false","110","0.7915437561455261","0.012782694198623401","0.19567354965585054"
"1","0.002","0.024","0.05","1","0.5","0.9","0.1","2801","0.048","1000","false","111","0.793713163064833","0.011787819253438114","0.1944990176817289"
"1","0.002","0.024","0.05","1","0.5","0.9","0.1","2801","0.048","1000","false","112","0.7947214076246334","0.011730205278592375","0.1935483870967742"
"1","0.002","0.024","0.05","1","0.5","0.9","0.1","2801","0.048","1000","false","113","0.803921568627451","0.012745098039215686","0.18333333333333332"
"1","0.002","0.024","0.05","1","0.5","0.9","0.1","2801","0.048","1000","false","114","0.8019704433497536","0.012807881773399015","0.1852216748768473"
"1","0.002","0.024","0.05","1","0.5","0.9","0.1","2801","0.048","1000","false","115","0.8015717092337917","0.012770137524557957","0.1856581532416503"
"1","0.002","0.024","0.05","1","0.5","0.9","0.1","2801","0.048","1000","false","116","0.7974434611602753","0.011799410029498525","0.19075712881022616"
"1","0.002","0.024","0.05","1","0.5","0.9","0.1","2801","0.048","1000","false","117","0.7950980392156862","0.011764705882352941","0.1931372549019608"
"1","0.002","0.024","0.05","1","0.5","0.9","0.1","2801","0.048","1000","false","118","0.7968596663395485","0.011776251226692836","0.19136408243375858"
"1","0.002","0.024","0.05","1","0.5","0.9","0.1","2801","0.048","1000","false","119","0.7980487804878049","0.011707317073170732","0.1902439024390244"
"1","0.002","0.024","0.05","1","0.5","0.9","0.1","2801","0.048","1000","false","120","0.7988223748773308","0.012757605495583905","0.18842001962708538"
"1","0.002","0.024","0.05","1","0.5","0.9","0.1","2801","0.048","1000","false","121","0.796078431372549","0.011764705882352941","0.19215686274509805"
"1","0.002","0.024","0.05","1","0.5","0.9","0.1","2801","0.048","1000","false","122","0.7986314760508308","0.011730205278592375","0.18963831867057673"
"1","0.002","0.024","0.05","1","0.5","0.9","0.1","2801","0.048","1000","false","123","0.7982283464566929","0.011811023622047244","0.18996062992125984"
"1","0.002","0.024","0.05","1","0.5","0.9","0.1","2801","0.048","1000","false","124","0.8013698630136986","0.011741682974559686","0.18688845401174167"
"1","0.002","0.024","0.05","1","0.5","0.9","0.1","2801","0.048","1000","false","125","0.8007889546351085","0.011834319526627219","0.1873767258382643"
"1","0.002","0.024","0.05","1","0.5","0.9","0.1","2801","0.048","1000","false","126","0.803921568627451","0.011764705882352941","0.1843137254901961"
"1","0.002","0.024","0.05","1","0.5","0.9","0.1","2801","0.048","1000","false","127","0.8058823529411765","0.010784313725490196","0.18333333333333332"
"1","0.002","0.024","0.05","1","0.5","0.9","0.1","2801","0.048","1000","false","128","0.807843137254902","0.010784313725490196","0.18137254901960784"
"1","0.002","0.024","0.05","1","0.5","0.9","0.1","2801","0.048","1000","false","129","0.8092428711897739","0.010816125860373648","0.17994100294985252"
"1","0.002","0.024","0.05","1","0.5","0.9","0.1","2801","0.048","1000","false","130","0.8088235294117647","0.010784313725490196","0.1803921568627451"
"1","0.002","0.024","0.05","1","0.5","0.9","0.1","2801","0.048","1000","false","131","0.8068965517241379","0.011822660098522168","0.1812807881773399"
"1","0.002","0.024","0.05","1","0.5","0.9","0.1","2801","0.048","1000","false","132","0.8090107737512243","0.011753183153770812","0.1792360430950049"
"1","0.002","0.024","0.05","1","0.5","0.9","0.1","2801","0.048","1000","false","133","0.8116370808678501","0.011834319526627219","0.1765285996055227"
"1","0.002","0.024","0.05","1","0.5","0.9","0.1","2801","0.048","1000","false","134","0.8113391984359726","0.01270772238514174","0.17595307917888564"
"1","0.002","0.024","0.05","1","0.5","0.9","0.1","2801","0.048","1000","false","135","0.8152492668621701","0.01270772238514174","0.17204301075268819"
"1","0.002","0.024","0.05","1","0.5","0.9","0.1","2801","0.048","1000","false","136","0.81237721021611","0.012770137524557957","0.17485265225933203"
"1","0.002","0.024","0.05","1","0.5","0.9","0.1","2801","0.048","1000","false","137","0.8137254901960784","0.012745098039215686","0.17352941176470588"
"1","0.002","0.024","0.05","1","0.5","0.9","0.1","2801","0.048","1000","false","138","0.8133595284872298","0.011787819253438114","0.17485265225933203"
"1","0.002","0.024","0.05","1","0.5","0.9","0.1","2801","0.048","1000","false","139","0.8168462291870715","0.011753183153770812","0.1714005876591577"
"1","0.002","0.024","0.05","1","0.5","0.9","0.1","2801","0.048","1000","false","140","0.8186274509803921","0.010784313725490196","0.17058823529411765"
"1","0.002","0.024","0.05","1","0.5","0.9","0.1","2801","0.048","1000","false","141","0.812992125984252","0.010826771653543307","0.17618110236220472"
"1","0.002","0.024","0.05","1","0.5","0.9","0.1","2801","0.048","1000","false","142","0.8129285014691479","0.010773751224289911","0.1762977473065622"
"1","0.002","0.024","0.05","1","0.5","0.9","0.1","2801","0.048","1000","false","143","0.8099902056807052","0.010773751224289911","0.1792360430950049"
"1","0.002","0.024","0.05","1","0.5","0.9","0.1","2801","0.048","1000","false","144","0.8110236220472441","0.010826771653543307","0.1781496062992126"
"1","0.002","0.024","0.05","1","0.5","0.9","0.1","2801","0.048","1000","false","145","0.8172043010752689","0.010752688172043012","0.17204301075268819"
"1","0.002","0.024","0.05","1","0.5","0.9","0.1","2801","0.048","1000","false","146","0.8156862745098039","0.010784313725490196","0.17352941176470588"
"1","0.002","0.024","0.05","1","0.5","0.9","0.1","2801","0.048","1000","false","147","0.8151425762045231","0.010816125860373648","0.17404129793510326"
"1","0.002","0.024","0.05","1","0.5","0.9","0.1","2801","0.048","1000","false","148","0.8131760078662733","0.008849557522123894","0.17797443461160276"
"1","0.002","0.024","0.05","1","0.5","0.9","0.1","2801","0.048","1000","false","149","0.8114511352418559","0.008884501480750246","0.17966436327739388"
"1","0.002","0.024","0.05","1","0.5","0.9","0.1","2801","0.048","1000","false","150","0.8127450980392157","0.008823529411764706","0.1784313725490196"
"1","0.002","0.024","0.05","1","0.5","0.9","0.1","2801","0.048","1000","false","151","0.8155053974484789","0.008832188420019628","0.17566241413150147"
"1","0.002","0.024","0.05","1","0.5","0.9","0.1","2801","0.048","1000","false","152","0.8191593352883676","0.008797653958944282","0.17204301075268819"
"1","0.002","0.024","0.05","1","0.5","0.9","0.1","2801","0.048","1000","false","153","0.8204121687929342","0.008832188420019628","0.17075564278704614"
"1","0.002","0.024","0.05","1","0.5","0.9","0.1","2801","0.048","1000","false","154","0.8202357563850687","0.008840864440078585","0.17092337917485265"
"1","0.002","0.024","0.05","1","0.5","0.9","0.1","2801","0.048","1000","false","155","0.8171091445427728","0.008849557522123894","0.17404129793510326"
"1","0.002","0.024","0.05","1","0.5","0.9","0.1","2801","0.048","1000","false","156","0.8182711198428291","0.008840864440078585","0.17288801571709234"
"1","0.002","0.024","0.05","1","0.5","0.9","0.1","2801","0.048","1000","false","157","0.8141592920353983","0.008849557522123894","0.17699115044247787"
"1","0.002","0.024","0.05","1","0.5","0.9","0.1","2801","0.048","1000","false","158","0.8147058823529412","0.008823529411764706","0.17647058823529413"
"1","0.002","0.024","0.05","1","0.5","0.9","0.1","2801","0.048","1000","false","159","0.8139079333986288","0.00881488736532811","0.1772771792360431"
"1","0.002","0.024","0.05","1","0.5","0.9","0.1","2801","0.048","1000","false","160","0.8142292490118577","0.008893280632411068","0.17687747035573123"
"1","0.002","0.024","0.05","1","0.5","0.9","0.1","2801","0.048","1000","false","161","0.8174681059862611","0.007850834151128557","0.1746810598626104"
"1","0.002","0.024","0.05","1","0.5","0.9","0.1","2801","0.048","1000","false","162","0.8129285014691479","0.00881488736532811","0.178256611165524"
"1","0.002","0.024","0.05","1","0.5","0.9","0.1","2801","0.048","1000","false","163","0.8084479371316307","0.008840864440078585","0.18271119842829076"
"1","0.002","0.024","0.05","1","0.5","0.9","0.1","2801","0.048","1000","false","164","0.8145240431795878","0.008832188420019628","0.17664376840039253"
"1","0.002","0.024","0.05","1","0.5","0.9","0.1","2801","0.048","1000","false","165","0.8115799803729146","0.007850834151128557","0.18056918547595682"
"1","0.002","0.024","0.05","1","0.5","0.9","0.1","2801","0.048","1000","false","166","0.8155818540433925","0.007889546351084813","0.1765285996055227"
"1","0.002","0.024","0.05","1","0.5","0.9","0.1","2801","0.048","1000","false","167","0.8141592920353983","0.007866273352999017","0.17797443461160276"
"1","0.002","0.024","0.05","1","0.5","0.9","0.1","2801","0.048","1000","false","168","0.8194308145240432","0.007850834151128557","0.17271835132482827"
"1","0.002","0.024","0.05","1","0.5","0.9","0.1","2801","0.048","1000","false","169","0.8204121687929342","0.007850834151128557","0.1717369970559372"
"1","0.002","0.024","0.05","1","0.5","0.9","0.1","2801","0.048","1000","false","170","0.8200589970501475","0.007866273352999017","0.1720747295968535"
"1","0.002","0.024","0.05","1","0.5","0.9","0.1","2801","0.048","1000","false","171","0.820136852394917","0.007820136852394917","0.17204301075268819"
"1","0.002","0.024","0.05","1","0.5","0.9","0.1","2801","0.048","1000","false","172","0.8198818897637795","0.006889763779527559","0.1732283464566929"
"1","0.002","0.024","0.05","1","0.5","0.9","0.1","2801","0.048","1000","false","173","0.8228346456692913","0.005905511811023622","0.17125984251968504"
"1","0.002","0.024","0.05","1","0.5","0.9","0.1","2801","0.048","1000","false","174","0.8215686274509804","0.006862745098039216","0.1715686274509804"
"1","0.002","0.024","0.05","1","0.5","0.9","0.1","2801","0.048","1000","false","175","0.8192534381139489","0.0068762278978389","0.1738703339882122"
"1","0.002","0.024","0.05","1","0.5","0.9","0.1","2801","0.048","1000","false","176","0.8166666666666667","0.006862745098039216","0.17647058823529413"
"1","0.002","0.024","0.05","1","0.5","0.9","0.1","2801","0.048","1000","false","177","0.8179133858267716","0.006889763779527559","0.17519685039370078"
"1","0.002","0.024","0.05","1","0.5","0.9","0.1","2801","0.048","1000","false","178","0.8163869693978283","0.006910167818361303","0.17670286278381048"
"1","0.002","0.024","0.05","1","0.5","0.9","0.1","2801","0.048","1000","false","179","0.8175542406311637","0.006903353057199211","0.1755424063116371"
"1","0.002","0.024","0.05","1","0.5","0.9","0.1","2801","0.048","1000","false","180","0.8187134502923976","0.00682261208576998","0.17446393762183235"
"1","0.002","0.024","0.05","1","0.5","0.9","0.1","2801","0.048","1000","false","181","0.8187134502923976","0.00682261208576998","0.17446393762183235"
"1","0.002","0.024","0.05","1","0.5","0.9","0.1","2801","0.048","1000","false","182","0.8188976377952756","0.006889763779527559","0.17421259842519685"
"1","0.002","0.024","0.05","1","0.5","0.9","0.1","2801","0.048","1000","false","183","0.8205882352941176","0.006862745098039216","0.17254901960784313"
"1","0.002","0.024","0.05","1","0.5","0.9","0.1","2801","0.048","1000","false","184","0.8221343873517787","0.00691699604743083","0.17094861660079053"
"1","0.002","0.024","0.05","1","0.5","0.9","0.1","2801","0.048","1000","false","185","0.8246305418719212","0.006896551724137931","0.1684729064039409"
"1","0.002","0.024","0.05","1","0.5","0.9","0.1","2801","0.048","1000","false","186","0.8223748773307163","0.0068694798822374874","0.17075564278704614"
"1","0.002","0.024","0.05","1","0.5","0.9","0.1","2801","0.048","1000","false","187","0.8177339901477833","0.006896551724137931","0.17536945812807883"
"1","0.002","0.024","0.05","1","0.5","0.9","0.1","2801","0.048","1000","false","188","0.8182701652089407","0.006802721088435374","0.1749271137026239"
"1","0.002","0.024","0.05","1","0.5","0.9","0.1","2801","0.048","1000","false","189","0.8179133858267716","0.005905511811023622","0.17618110236220472"
"1","0.002","0.024","0.05","1","0.5","0.9","0.1","2801","0.048","1000","false","190","0.8205882352941176","0.0058823529411764705","0.17352941176470588"
"1","0.002","0.024","0.05","1","0.5","0.9","0.1","2801","0.048","1000","false","191","0.820136852394917","0.005865102639296188","0.1739980449657869"
"1","0.002","0.024","0.05","1","0.5","0.9","0.1","2801","0.048","1000","false","192","0.8182711198428291","0.005893909626719057","0.17583497053045186"
"1","0.002","0.024","0.05","1","0.5","0.9","0.1","2801","0.048","1000","false","193","0.8223748773307163","0.005888125613346418","0.1717369970559372"
"1","0.002","0.024","0.05","1","0.5","0.9","0.1","2801","0.048","1000","false","194","0.825147347740668","0.005893909626719057","0.16895874263261296"
"1","0.002","0.024","0.05","1","0.5","0.9","0.1","2801","0.048","1000","false","195","0.828125","0.005859375","0.166015625"
"1","0.002","0.024","0.05","1","0.5","0.9","0.1","2801","0.048","1000","false","196","0.8287671232876712","0.005870841487279843","0.16536203522504891"
"1","0.002","0.024","0.05","1","0.5","0.9","0.1","2801","0.048","1000","false","197","0.8276199804113614","0.005876591576885406","0.1665034280117532"
"1","0.002","0.024","0.05","1","0.5","0.9","0.1","2801","0.048","1000","false","198","0.8271484375","0.005859375","0.1669921875"
"1","0.002","0.024","0.05","1","0.5","0.9","0.1","2801","0.048","1000","false","199","0.830078125","0.005859375","0.1640625"
"1","0.002","0.024","0.05","1","0.5","0.9","0.1","2801","0.048","1000","false","200","0.8294117647058824","0.0058823529411764705","0.16470588235294117"
"1","0.002","0.024","0.05","1","0.5","0.9","0.1","2801","0.048","1000","false","201","0.8323529411764706","0.0058823529411764705","0.16176470588235295"
"1","0.002","0.024","0.05","1","0.5","0.9","0.1","2801","0.048","1000","false","202","0.8328474246841594","0.006802721088435374","0.16034985422740525"
"1","0.002","0.024","0.05","1","0.5","0.9","0.1","2801","0.048","1000","false","203","0.8284600389863548","0.00682261208576998","0.16471734892787523"
"1","0.002","0.024","0.05","1","0.5","0.9","0.1","2801","0.048","1000","false","204","0.8272458045409674","0.006910167818361303","0.16584402764067127"
"1","0.002","0.024","0.05","1","0.5","0.9","0.1","2801","0.048","1000","false","205","0.8330058939096268","0.0068762278978389","0.16011787819253437"
"1","0.002","0.024","0.05","1","0.5","0.9","0.1","2801","0.048","1000","false","206","0.8343137254901961","0.006862745098039216","0.1588235294117647"
"1","0.002","0.024","0.05","1","0.5","0.9","0.1","2801","0.048","1000","false","207","0.8323529411764706","0.006862745098039216","0.1607843137254902"
"1","0.002","0.024","0.05","1","0.5","0.9","0.1","2801","0.048","1000","false","208","0.8321884200196271","0.0068694798822374874","0.16094210009813542"
"1","0.002","0.024","0.05","1","0.5","0.9","0.1","2801","0.048","1000","false","209","0.8339882121807466","0.0068762278978389","0.15913555992141454"
"1","0.002","0.024","0.05","1","0.5","0.9","0.1","2801","0.048","1000","false","210","0.8413320274240941","0.0068560235063663075","0.15181194906953965"
"1","0.002","0.024","0.05","1","0.5","0.9","0.1","2801","0.048","1000","false","211","0.8427734375","0.005859375","0.1513671875"
"1","0.002","0.024","0.05","1","0.5","0.9","0.1","2801","0.048","1000","false","212","0.8414872798434442","0.005870841487279843","0.15264187866927592"
"1","0.002","0.024","0.05","1","0.5","0.9","0.1","2801","0.048","1000","false","213","0.8473581213307241","0.005870841487279843","0.14677103718199608"
"1","0.002","0.024","0.05","1","0.5","0.9","0.1","2801","0.048","1000","false","214","0.8454724409448819","0.005905511811023622","0.1486220472440945"
"1","0.002","0.024","0.05","1","0.5","0.9","0.1","2801","0.048","1000","false","215","0.8522504892367906","0.005870841487279843","0.14187866927592954"
"1","0.002","0.024","0.05","1","0.5","0.9","0.1","2801","0.048","1000","false","216","0.845703125","0.005859375","0.1484375"
"1","0.002","0.024","0.05","1","0.5","0.9","0.1","2801","0.048","1000","false","217","0.8419512195121951","0.005853658536585366","0.1521951219512195"
"1","0.002","0.024","0.05","1","0.5","0.9","0.1","2801","0.048","1000","false","218","0.8387096774193549","0.005865102639296188","0.15542521994134897"
"1","0.002","0.024","0.05","1","0.5","0.9","0.1","2801","0.048","1000","false","219","0.8436578171091446","0.0058997050147492625","0.1504424778761062"
"1","0.002","0.024","0.05","1","0.5","0.9","0.1","2801","0.048","1000","false","220","0.8395669291338582","0.005905511811023622","0.1545275590551181"
"1","0.002","0.024","0.05","1","0.5","0.9","0.1","2801","0.048","1000","false","221","0.8395669291338582","0.005905511811023622","0.1545275590551181"
"1","0.002","0.024","0.05","1","0.5","0.9","0.1","2801","0.048","1000","false","222","0.8465298142717498","0.005865102639296188","0.14760508308895406"
"1","0.002","0.024","0.05","1","0.5","0.9","0.1","2801","0.048","1000","false","223","0.8398821218074656","0.005893909626719057","0.15422396856581533"
"1","0.002","0.024","0.05","1","0.5","0.9","0.1","2801","0.048","1000","false","224","0.8411764705882353","0.0058823529411764705","0.15294117647058825"
"1","0.002","0.024","0.05","1","0.5","0.9","0.1","2801","0.048","1000","false","225","0.8405088062622309","0.005870841487279843","0.15362035225048923"
"1","0.002","0.024","0.05","1","0.5","0.9","0.1","2801","0.048","1000","false","226","0.8450980392156863","0.0058823529411764705","0.14901960784313725"
"1","0.002","0.024","0.05","1","0.5","0.9","0.1","2801","0.048","1000","false","227","0.8410206084396468","0.005888125613346418","0.15309126594700687"
"1","0.002","0.024","0.05","1","0.5","0.9","0.1","2801","0.048","1000","false","228","0.8433497536945813","0.005911330049261084","0.15073891625615762"
"1","0.002","0.024","0.05","1","0.5","0.9","0.1","2801","0.048","1000","false","229","0.84","0.006829268292682927","0.15317073170731707"
"1","0.002","0.024","0.05","1","0.5","0.9","0.1","2801","0.048","1000","false","230","0.8404669260700389","0.005836575875486381","0.15369649805447472"
"1","0.002","0.024","0.05","1","0.5","0.9","0.1","2801","0.048","1000","false","231","0.8382352941176471","0.0058823529411764705","0.15588235294117647"
"1","0.002","0.024","0.05","1","0.5","0.9","0.1","2801","0.048","1000","false","232","0.8427734375","0.005859375","0.1513671875"
"1","0.002","0.024","0.05","1","0.5","0.9","0.1","2801","0.048","1000","false","233","0.841642228739003","0.004887585532746823","0.15347018572825025"
"1","0.002","0.024","0.05","1","0.5","0.9","0.1","2801","0.048","1000","false","234","0.8485742379547689","0.004916420845624385","0.14650934119960668"
"1","0.002","0.024","0.05","1","0.5","0.9","0.1","2801","0.048","1000","false","235","0.8511263467189031","0.004897159647404506","0.14397649363369247"
"1","0.002","0.024","0.05","1","0.5","0.9","0.1","2801","0.048","1000","false","236","0.8446411012782694","0.004916420845624385","0.1504424778761062"
"1","0.002","0.024","0.05","1","0.5","0.9","0.1","2801","0.048","1000","false","237","0.8454011741682974","0.004892367906066536","0.149706457925636"
"1","0.002","0.024","0.05","1","0.5","0.9","0.1","2801","0.048","1000","false","238","0.8484848484848485","0.004887585532746823","0.1466275659824047"
"1","0.002","0.024","0.05","1","0.5","0.9","0.1","2801","0.048","1000","false","239","0.8478682170542635","0.0048449612403100775","0.14728682170542637"
"1","0.002","0.024","0.05","1","0.5","0.9","0.1","2801","0.048","1000","false","240","0.8481880509304603","0.004897159647404506","0.14691478942213515"
"1","0.002","0.024","0.05","1","0.5","0.9","0.1","2801","0.048","1000","false","241","0.8456243854473943","0.004916420845624385","0.14945919370698132"
"1","0.002","0.024","0.05","1","0.5","0.9","0.1","2801","0.048","1000","false","242","0.8507317073170731","0.004878048780487805","0.144390243902439"
"1","0.002","0.024","0.05","1","0.5","0.9","0.1","2801","0.048","1000","false","243","0.8490196078431372","0.004901960784313725","0.14607843137254903"
"1","0.002","0.024","0.05","1","0.5","0.9","0.1","2801","0.048","1000","false","244","0.8466796875","0.005859375","0.1474609375"
"1","0.002","0.024","0.05","1","0.5","0.9","0.1","2801","0.048","1000","false","245","0.8403525954946132","0.004897159647404506","0.15475024485798236"
"1","0.002","0.024","0.05","1","0.5","0.9","0.1","2801","0.048","1000","false","246","0.8494094488188977","0.004921259842519685","0.14566929133858267"
"1","0.002","0.024","0.05","1","0.5","0.9","0.1","2801","0.048","1000","false","247","0.849609375","0.0048828125","0.1455078125"
"1","0.002","0.024","0.05","1","0.5","0.9","0.1","2801","0.048","1000","false","248","0.8489278752436648","0.004873294346978557","0.14619883040935672"
"1","0.002","0.024","0.05","1","0.5","0.9","0.1","2801","0.048","1000","false","249","0.8458536585365853","0.004878048780487805","0.14926829268292682"
"1","0.002","0.024","0.05","1","0.5","0.9","0.1","2801","0.048","1000","false","250","0.847424684159378","0.004859086491739553","0.1477162293488824"
"1","0.002","0.024","0.05","1","0.5","0.9","0.1","2801","0.048","1000","false","251","0.8489835430784124","0.00484027105517909","0.14617618586640851"
"1","0.002","0.024","0.05","1","0.5","0.9","0.1","2801","0.048","1000","false","252","0.8484848484848485","0.004887585532746823","0.1466275659824047"
"1","0.002","0.024","0.05","1","0.5","0.9","0.1","2801","0.048","1000","false","253","0.8503401360544217","0.004859086491739553","0.14480077745383868"
"1","0.002","0.024","0.05","1","0.5","0.9","0.1","2801","0.048","1000","false","254","0.8475073313782991","0.004887585532746823","0.14760508308895406"
"1","0.002","0.024","0.05","1","0.5","0.9","0.1","2801","0.048","1000","false","255","0.8518155053974484","0.003925417075564278","0.14425907752698724"
"1","0.002","0.024","0.05","1","0.5","0.9","0.1","2801","0.048","1000","false","256","0.8466076696165191","0.003933136676499509","0.14945919370698132"
"1","0.002","0.024","0.05","1","0.5","0.9","0.1","2801","0.048","1000","false","257","0.855457227138643","0.003933136676499509","0.14060963618485742"
"1","0.002","0.024","0.05","1","0.5","0.9","0.1","2801","0.048","1000","false","258","0.8521057786483839","0.0039177277179236044","0.14397649363369247"
"1","0.002","0.024","0.05","1","0.5","0.9","0.1","2801","0.048","1000","false","259","0.8511263467189031","0.0039177277179236044","0.14495592556317335"
"1","0.002","0.024","0.05","1","0.5","0.9","0.1","2801","0.048","1000","false","260","0.84765625","0.00390625","0.1484375"
"1","0.002","0.024","0.05","1","0.5","0.9","0.1","2801","0.048","1000","false","261","0.8542471042471043","0.003861003861003861","0.14189189189189189"
"1","0.002","0.024","0.05","1","0.5","0.9","0.1","2801","0.048","1000","false","262","0.854775828460039","0.003898635477582846","0.14132553606237816"
"1","0.002","0.024","0.05","1","0.5","0.9","0.1","2801","0.048","1000","false","263","0.8565853658536585","0.003902439024390244","0.13951219512195123"
"1","0.002","0.024","0.05","1","0.5","0.9","0.1","2801","0.048","1000","false","264","0.8515625","0.00390625","0.14453125"
"1","0.002","0.024","0.05","1","0.5","0.9","0.1","2801","0.048","1000","false","265","0.850293542074364","0.003913894324853229","0.14579256360078277"
"1","0.002","0.024","0.05","1","0.5","0.9","0.1","2801","0.048","1000","false","266","0.8511263467189031","0.0039177277179236044","0.14495592556317335"
"1","0.002","0.024","0.05","1","0.5","0.9","0.1","2801","0.048","1000","false","267","0.8478682170542635","0.0048449612403100775","0.14728682170542637"
"1","0.002","0.024","0.05","1","0.5","0.9","0.1","2801","0.048","1000","false","268","0.8505859375","0.0048828125","0.14453125"
"1","0.002","0.024","0.05","1","0.5","0.9","0.1","2801","0.048","1000","false","269","0.8542074363992173","0.003913894324853229","0.14187866927592954"
"1","0.002","0.024","0.05","1","0.5","0.9","0.1","2801","0.048","1000","false","270","0.8597857838364168","0.004868549172346641","0.13534566699123662"
"1","0.002","0.024","0.05","1","0.5","0.9","0.1","2801","0.048","1000","false","271","0.8618677042801557","0.0048638132295719845","0.13326848249027237"
"1","0.002","0.024","0.05","1","0.5","0.9","0.1","2801","0.048","1000","false","272","0.8670576735092864","0.0039100684261974585","0.12903225806451613"
"1","0.002","0.024","0.05","1","0.5","0.9","0.1","2801","0.048","1000","false","273","0.8570038910505836","0.0038910505836575876","0.13910505836575876"
"1","0.002","0.024","0.05","1","0.5","0.9","0.1","2801","0.048","1000","false","274","0.8546341463414634","0.003902439024390244","0.14146341463414633"
"1","0.002","0.024","0.05","1","0.5","0.9","0.1","2801","0.048","1000","false","275","0.8539215686274509","0.00392156862745098","0.14215686274509803"
"1","0.002","0.024","0.05","1","0.5","0.9","0.1","2801","0.048","1000","false","276","0.8563049853372434","0.004887585532746823","0.13880742913000976"
"1","0.002","0.024","0.05","1","0.5","0.9","0.1","2801","0.048","1000","false","277","0.8617332035053554","0.004868549172346641","0.13339824732229796"
"1","0.002","0.024","0.05","1","0.5","0.9","0.1","2801","0.048","1000","false","278","0.8639921722113503","0.004892367906066536","0.13111545988258316"
"1","0.002","0.024","0.05","1","0.5","0.9","0.1","2801","0.048","1000","false","279","0.8592233009708737","0.003883495145631068","0.13689320388349516"
"1","0.002","0.024","0.05","1","0.5","0.9","0.1","2801","0.048","1000","false","280","0.857976653696498","0.0029182879377431907","0.13910505836575876"
"1","0.002","0.024","0.05","1","0.5","0.9","0.1","2801","0.048","1000","false","281","0.8593598448108632","0.0038797284190106693","0.1367604267701261"
"1","0.002","0.024","0.05","1","0.5","0.9","0.1","2801","0.048","1000","false","282","0.8669902912621359","0.002912621359223301","0.13009708737864079"
"1","0.002","0.024","0.05","1","0.5","0.9","0.1","2801","0.048","1000","false","283","0.8645224171539961","0.0029239766081871343","0.13255360623781676"
"1","0.002","0.024","0.05","1","0.5","0.9","0.1","2801","0.048","1000","false","284","0.8642578125","0.0029296875","0.1328125"
"1","0.002","0.024","0.05","1","0.5","0.9","0.1","2801","0.048","1000","false","285","0.8599412340842312","0.002938295788442703","0.13712047012732614"
"1","0.002","0.024","0.05","1","0.5","0.9","0.1","2801","0.048","1000","false","286","0.8666666666666667","0.0029411764705882353","0.1303921568627451"
"1","0.002","0.024","0.05","1","0.5","0.9","0.1","2801","0.048","1000","false","287","0.8703339882121808","0.0029469548133595285","0.12671905697445973"
"1","0.002","0.024","0.05","1","0.5","0.9","0.1","2801","0.048","1000","false","288","0.8677766895200784","0.002938295788442703","0.12928501469147893"
"1","0.002","0.024","0.05","1","0.5","0.9","0.1","2801","0.048","1000","false","289","0.8675171736997056","0.002944062806673209","0.1295387634936212"
"1","0.002","0.024","0.05","1","0.5","0.9","0.1","2801","0.048","1000","false","290","0.867704280155642","0.0029182879377431907","0.1293774319066148"
"1","0.002","0.024","0.05","1","0.5","0.9","0.1","2801","0.048","1000","false","291","0.8623046875","0.0029296875","0.134765625"
"1","0.002","0.024","0.05","1","0.5","0.9","0.1","2801","0.048","1000","false","292","0.8634146341463415","0.001951219512195122","0.13463414634146342"
"1","0.002","0.024","0.05","1","0.5","0.9","0.1","2801","0.048","1000","false","293","0.8636806231742941","0.0019474196689386564","0.13437195715676728"
"1","0.002","0.024","0.05","1","0.5","0.9","0.1","2801","0.048","1000","false","294","0.8683446272991288","0.001936108422071636","0.12971926427879962"
"1","0.002","0.024","0.05","1","0.5","0.9","0.1","2801","0.048","1000","false","295","0.8707149853085211","0.0019588638589618022","0.12732615083251714"
"1","0.002","0.024","0.05","1","0.5","0.9","0.1","2801","0.048","1000","false","296","0.8610301263362488","0.001943634596695821","0.13702623906705538"
"1","0.002","0.024","0.05","1","0.5","0.9","0.1","2801","0.048","1000","false","297","0.8615984405458089","0.001949317738791423","0.1364522417153996"
"1","0.002","0.024","0.05","1","0.5","0.9","0.1","2801","0.048","1000","false","298","0.8647859922178989","0.0019455252918287938","0.13326848249027237"
"1","0.002","0.024","0.05","1","0.5","0.9","0.1","2801","0.048","1000","false","299","0.8653658536585366","0.001951219512195122","0.1326829268292683"
"1","0.002","0.024","0.05","1","0.5","0.9","0.1","2801","0.048","1000","false","300","0.8661493695441319","0.0019398642095053346","0.13191076624636275"
"1","0.002","0.024","0.05","1","0.5","0.9","0.1","2801","0.048","1000","false","301","0.8617332035053554","0.0019474196689386564","0.13631937682570594"
"1","0.002","0.024","0.05","1","0.5","0.9","0.1","2801","0.048","1000","false","302","0.857838364167478","0.0019474196689386564","0.14021421616358326"
"1","0.002","0.024","0.05","1","0.5","0.9","0.1","2801","0.048","1000","false","303","0.859086491739553","0.001943634596695821","0.13896987366375121"
"1","0.002","0.024","0.05","1","0.5","0.9","0.1","2801","0.048","1000","false","304","0.8608949416342413","0.0019455252918287938","0.13715953307392997"
"1","0.002","0.024","0.05","1","0.5","0.9","0.1","2801","0.048","1000","false","305","0.8579710144927536","0.001932367149758454","0.14009661835748793"
"1","0.002","0.024","0.05","1","0.5","0.9","0.1","2801","0.048","1000","false","306","0.861328125","0.001953125","0.13671875"
"1","0.002","0.024","0.05","1","0.5","0.9","0.1","2801","0.048","1000","false","307","0.8621359223300971","0.001941747572815534","0.13592233009708737"
"1","0.002","0.024","0.05","1","0.5","0.9","0.1","2801","0.048","1000","false","308","0.8649173955296404","0.001943634596695821","0.13313896987366375"
"1","0.002","0.024","0.05","1","0.5","0.9","0.1","2801","0.048","1000","false","309","0.8600583090379009","0.001943634596695821","0.1379980563654033"
"1","0.002","0.024","0.05","1","0.5","0.9","0.1","2801","0.048","1000","false","310","0.8583899127061105","0.002909796314258002","0.13870029097963144"
"1","0.002","0.024","0.05","1","0.5","0.9","0.1","2801","0.048","1000","false","311","0.8589494163424124","0.0019455252918287938","0.13910505836575876"
"1","0.002","0.024","0.05","1","0.5","0.9","0.1","2801","0.048","1000","false","312","0.8576960309777347","0.001936108422071636","0.1403678606001936"
"1","0.002","0.024","0.05","1","0.5","0.9","0.1","2801","0.048","1000","false","313","0.8633720930232558","0.001937984496124031","0.13468992248062014"
"1","0.002","0.024","0.05","1","0.5","0.9","0.1","2801","0.048","1000","false","314","0.8640308582449373","0.0019286403085824494","0.13404050144648022"
"1","0.002","0.024","0.05","1","0.5","0.9","0.1","2801","0.048","1000","false","315","0.8676328502415459","0.001932367149758454","0.13043478260869565"
"1","0.002","0.024","0.05","1","0.5","0.9","0.1","2801","0.048","1000","false","316","0.8627639155470249","0.0019193857965451055","0.13531669865642995"
"1","0.002","0.024","0.05","1","0.5","0.9","0.1","2801","0.048","1000","false","317","0.8607350096711799","0.0019342359767891683","0.13733075435203096"
"1","0.002","0.024","0.05","1","0.5","0.9","0.1","2801","0.048","1000","false","318","0.8626692456479691","0.0019342359767891683","0.13539651837524178"
"1","0.002","0.024","0.05","1","0.5","0.9","0.1","2801","0.048","1000","false","319","0.8665377176015474","0.0019342359767891683","0.13152804642166344"
"1","0.002","0.024","0.05","1","0.5","0.9","0.1","2801","0.048","1000","false","320","0.8585178055822906","0.0019249278152069298","0.1395572666025024"
"1","0.002","0.024","0.05","1","0.5","0.9","0.1","2801","0.048","1000","false","321","0.8603082851637764","0.0019267822736030828","0.13776493256262043"
"1","0.002","0.024","0.05","1","0.5","0.9","0.1","2801","0.048","1000","false","322","0.8663414634146341","0.001951219512195122","0.13170731707317074"
"1","0.002","0.024","0.05","1","0.5","0.9","0.1","2801","0.048","1000","false","323","0.8648648648648649","0.0019305019305019305","0.13320463320463322"
"1","0.002","0.024","0.05","1","0.5","0.9","0.1","2801","0.048","1000","false","324","0.8659594985535197","0.0019286403085824494","0.13211186113789777"
"1","0.002","0.024","0.05","1","0.5","0.9","0.1","2801","0.048","1000","false","325","0.867704280155642","0.0019455252918287938","0.1303501945525292"
"1","0.002","0.024","0.05","1","0.5","0.9","0.1","2801","0.048","1000","false","326","0.8698167791706847","0.0019286403085824494","0.12825458052073288"
"1","0.002","0.024","0.05","1","0.5","0.9","0.1","2801","0.048","1000","false","327","0.87535953978907","0.0019175455417066154","0.12272291466922339"
"1","0.002","0.024","0.05","1","0.5","0.9","0.1","2801","0.048","1000","false","328","0.8717454194792671","0.0019286403085824494","0.12632594021215043"
"1","0.002","0.024","0.05","1","0.5","0.9","0.1","2801","0.048","1000","false","329","0.8724637681159421","0.001932367149758454","0.12560386473429952"
"1","0.002","0.024","0.05","1","0.5","0.9","0.1","2801","0.048","1000","false","330","0.8728323699421965","0.002890173410404624","0.12427745664739884"
"1","0.002","0.024","0.05","1","0.5","0.9","0.1","2801","0.048","1000","false","331","0.8782608695652174","0.001932367149758454","0.11980676328502415"
"1","0.002","0.024","0.05","1","0.5","0.9","0.1","2801","0.048","1000","false","332","0.8723404255319149","0.0019342359767891683","0.12572533849129594"
"1","0.002","0.024","0.05","1","0.5","0.9","0.1","2801","0.048","1000","false","333","0.8716475095785441","0.0019157088122605363","0.12643678160919541"
"1","0.002","0.024","0.05","1","0.5","0.9","0.1","2801","0.048","1000","false","334","0.8776493256262042","0.0019267822736030828","0.12042389210019268"
"1","0.002","0.024","0.05","1","0.5","0.9","0.1","2801","0.048","1000","false","335","0.8671799807507219","0.0019249278152069298","0.13089509143407121"
"1","0.002","0.024","0.05","1","0.5","0.9","0.1","2801","0.048","1000","false","336","0.8671799807507219","0.0019249278152069298","0.13089509143407121"
"1","0.002","0.024","0.05","1","0.5","0.9","0.1","2801","0.048","1000","false","337","0.8687258687258688","0.0019305019305019305","0.12934362934362933"
"1","0.002","0.024","0.05","1","0.5","0.9","0.1","2801","0.048","1000","false","338","0.8647342995169082","0.001932367149758454","0.13333333333333333"
"1","0.002","0.024","0.05","1","0.5","0.9","0.1","2801","0.048","1000","false","339","0.8632887189292543","0.0019120458891013384","0.13479923518164436"
"1","0.002","0.024","0.05","1","0.5","0.9","0.1","2801","0.048","1000","false","340","0.861405197305101","0.0019249278152069298","0.136669874879692"
"1","0.002","0.024","0.05","1","0.5","0.9","0.1","2801","0.048","1000","false","341","0.8681424446583254","0.0019249278152069298","0.12993262752646775"
"1","0.002","0.024","0.05","1","0.5","0.9","0.1","2801","0.048","1000","false","342","0.8647342995169082","0.001932367149758454","0.13333333333333333"
"1","0.002","0.024","0.05","1","0.5","0.9","0.1","2801","0.048","1000","false","343","0.8642095053346266","0.0019398642095053346","0.1338506304558681"
"1","0.002","0.024","0.05","1","0.5","0.9","0.1","2801","0.048","1000","false","344","0.8683957732949087","0.0019212295869356388","0.12968299711815562"
"1","0.002","0.024","0.05","1","0.5","0.9","0.1","2801","0.048","1000","false","345","0.8741594620557157","0.0019212295869356388","0.1239193083573487"
"1","0.002","0.024","0.05","1","0.5","0.9","0.1","2801","0.048","1000","false","346","0.8767908309455588","0.0019102196752626551","0.12129894937917861"
"1","0.002","0.024","0.05","1","0.5","0.9","0.1","2801","0.048","1000","false","347","0.8688995215311005","0.0019138755980861245","0.1291866028708134"
"1","0.002","0.024","0.05","1","0.5","0.9","0.1","2801","0.048","1000","false","348","0.8698564593301435","0.0019138755980861245","0.12822966507177033"
"1","0.002","0.024","0.05","1","0.5","0.9","0.1","2801","0.048","1000","false","349","0.8715244487056567","0.0019175455417066154","0.12655800575263662"
"1","0.002","0.024","0.05","1","0.5","0.9","0.1","2801","0.048","1000","false","350","0.8712487899322362","0.001936108422071636","0.12681510164569215"
"1","0.002","0.024","0.05","1","0.5","0.9","0.1","2801","0.048","1000","false","351","0.8747628083491461","0.0018975332068311196","0.12333965844402277"
"1","0.002","0.024","0.05","1","0.5","0.9","0.1","2801","0.048","1000","false","352","0.8667935299714558","0.0019029495718363464","0.1313035204567079"
"1","0.002","0.024","0.05","1","0.5","0.9","0.1","2801","0.048","1000","false","353","0.8694418164616841","0.001892147587511826","0.12866603595080417"
"1","0.002","0.024","0.05","1","0.5","0.9","0.1","2801","0.048","1000","false","354","0.8620689655172413","0.0019157088122605363","0.1360153256704981"
"1","0.002","0.024","0.05","1","0.5","0.9","0.1","2801","0.048","1000","false","355","0.866474543707973","0.0019212295869356388","0.13160422670509125"
"1","0.002","0.024","0.05","1","0.5","0.9","0.1","2801","0.048","1000","false","356","0.8700564971751412","0.0018832391713747645","0.128060263653484"
"1","0.002","0.024","0.05","1","0.5","0.9","0.1","2801","0.048","1000","false","357","0.8632478632478633","0.001899335232668566","0.13485280151946819"
"1","0.002","0.024","0.05","1","0.5","0.9","0.1","2801","0.048","1000","false","358","0.861904761904762","0.002857142857142857","0.13523809523809524"
"1","0.002","0.024","0.05","1","0.5","0.9","0.1","2801","0.048","1000","false","359","0.8631178707224335","0.0019011406844106464","0.13498098859315588"
"1","0.002","0.024","0.05","1","0.5","0.9","0.1","2801","0.048","1000","false","360","0.8635496183206107","0.0019083969465648854","0.13454198473282442"
"1","0.002","0.024","0.05","1","0.5","0.9","0.1","2801","0.048","1000","false","361","0.8626320845341018","0.0019212295869356388","0.13544668587896252"
"1","0.002","0.024","0.05","1","0.5","0.9","0.1","2801","0.048","1000","false","362","0.8704414587332053","0.0019193857965451055","0.1276391554702495"
"1","0.002","0.024","0.05","1","0.5","0.9","0.1","2801","0.048","1000","false","363","0.8727445394112061","0.001899335232668566","0.12535612535612536"
"1","0.002","0.024","0.05","1","0.5","0.9","0.1","2801","0.048","1000","false","364","0.8740384615384615","0.0019230769230769232","0.12403846153846154"
"1","0.002","0.024","0.05","1","0.5","0.9","0.1","2801","0.048","1000","false","365","0.8677998111425873","0.0018885741265344666","0.13031161473087818"
"1","0.002","0.024","0.05","1","0.5","0.9","0.1","2801","0.048","1000","false","366","0.8635496183206107","0.0019083969465648854","0.13454198473282442"
"1","0.002","0.024","0.05","1","0.5","0.9","0.1","2801","0.048","1000","false","367","0.8816793893129771","0.0028625954198473282","0.11545801526717557"
"1","0.002","0.024","0.05","1","0.5","0.9","0.1","2801","0.048","1000","false","368","0.879277566539924","0.0019011406844106464","0.1188212927756654"
"1","0.002","0.024","0.05","1","0.5","0.9","0.1","2801","0.048","1000","false","369","0.8787295476419634","0.0019249278152069298","0.11934552454282965"
"1","0.002","0.024","0.05","1","0.5","0.9","0.1","2801","0.048","1000","false","370","0.8763285024154589","0.001932367149758454","0.12173913043478261"
"1","0.002","0.024","0.05","1","0.5","0.9","0.1","2801","0.048","1000","false","371","0.8666026871401151","0.0019193857965451055","0.13147792706333974"
"1","0.002","0.024","0.05","1","0.5","0.9","0.1","2801","0.048","1000","false","372","0.873574144486692","0.0019011406844106464","0.12452471482889733"
"1","0.002","0.024","0.05","1","0.5","0.9","0.1","2801","0.048","1000","false","373","0.8783269961977186","0.0019011406844106464","0.11977186311787072"
"1","0.002","0.024","0.05","1","0.5","0.9","0.1","2801","0.048","1000","false","374","0.8761996161228407","0.0019193857965451055","0.1218809980806142"
"1","0.002","0.024","0.05","1","0.5","0.9","0.1","2801","0.048","1000","false","375","0.8751191611058151","0.0019065776930409914","0.12297426120114395"
"1","0.002","0.024","0.05","1","0.5","0.9","0.1","2801","0.048","1000","false","376","0.8727445394112061","0.001899335232668566","0.12535612535612536"
"1","0.002","0.024","0.05","1","0.5","0.9","0.1","2801","0.048","1000","false","377","0.8693563880883766","0.0019212295869356388","0.1287223823246878"
"1","0.002","0.024","0.05","1","0.5","0.9","0.1","2801","0.048","1000","false","378","0.8766730401529637","0.0019120458891013384","0.121414913957935"
"1","0.002","0.024","0.05","1","0.5","0.9","0.1","2801","0.048","1000","false","379","0.8751200768491835","0.0019212295869356388","0.12295869356388088"
"1","0.002","0.024","0.05","1","0.5","0.9","0.1","2801","0.048","1000","false","380","0.8681424446583254","0.0019249278152069298","0.12993262752646775"
"1","0.002","0.024","0.05","1","0.5","0.9","0.1","2801","0.048","1000","false","381","0.8682464454976303","0.0018957345971563982","0.12985781990521328"
"1","0.002","0.024","0.05","1","0.5","0.9","0.1","2801","0.048","1000","false","382","0.8703878902554399","0.001892147587511826","0.12771996215704826"
"1","0.002","0.024","0.05","1","0.5","0.9","0.1","2801","0.048","1000","false","383","0.8695652173913043","0.001890359168241966","0.1285444234404537"
"1","0.002","0.024","0.05","1","0.5","0.9","0.1","2801","0.048","1000","false","384","0.8647619047619047","0.0019047619047619048","0.13333333333333333"
"1","0.002","0.024","0.05","1","0.5","0.9","0.1","2801","0.048","1000","false","385","0.8672397325692455","0.0019102196752626551","0.1308500477554919"
"1","0.002","0.024","0.05","1","0.5","0.9","0.1","2801","0.048","1000","false","386","0.8746411483253589","0.0019138755980861245","0.12344497607655502"
"1","0.002","0.024","0.05","1","0.5","0.9","0.1","2801","0.048","1000","false","387","0.8752399232245681","0.0019193857965451055","0.12284069097888675"
"1","0.002","0.024","0.05","1","0.5","0.9","0.1","2801","0.048","1000","false","388","0.8748815165876778","0.002843601895734597","0.12227488151658768"
"1","0.002","0.024","0.05","1","0.5","0.9","0.1","2801","0.048","1000","false","389","0.8677298311444653","0.001876172607879925","0.1303939962476548"
"1","0.002","0.024","0.05","1","0.5","0.9","0.1","2801","0.048","1000","false","390","0.8786181139122315","0.0018674136321195146","0.11951447245564893"
"1","0.002","0.024","0.05","1","0.5","0.9","0.1","2801","0.048","1000","false","391","0.872539831302718","0.0018744142455482662","0.12558575445173384"
"1","0.002","0.024","0.05","1","0.5","0.9","0.1","2801","0.048","1000","false","392","0.8735849056603774","0.0018867924528301887","0.12452830188679245"
"1","0.002","0.024","0.05","1","0.5","0.9","0.1","2801","0.048","1000","false","393","0.875","0.0018656716417910447","0.12313432835820895"
"1","0.002","0.024","0.05","1","0.5","0.9","0.1","2801","0.048","1000","false","394","0.862298195631529","0.001899335232668566","0.13580246913580246"
"1","0.002","0.024","0.05","1","0.5","0.9","0.1","2801","0.048","1000","false","395","0.8716730038022814","0.0019011406844106464","0.12642585551330798"
"1","0.002","0.024","0.05","1","0.5","0.9","0.1","2801","0.048","1000","false","396","0.8672985781990521","0.0018957345971563982","0.13080568720379146"
"1","0.002","0.024","0.05","1","0.5","0.9","0.1","2801","0.048","1000","false","397","0.8632887189292543","0.0019120458891013384","0.13479923518164436"
"1","0.002","0.024","0.05","1","0.5","0.9","0.1","2801","0.048","1000","false","398","0.8694418164616841","0.001892147587511826","0.12866603595080417"
"1","0.002","0.024","0.05","1","0.5","0.9","0.1","2801","0.048","1000","false","399","0.8770949720670391","0.002793296089385475","0.12011173184357542"
"1","0.002","0.024","0.05","1","0.5","0.9","0.1","2801","0.048","1000","false","400","0.8703358208955224","0.0018656716417910447","0.12779850746268656"
